{"cameraMode":{"drawMode":0,"name":"Shaded","section":"Shading Mode"},"sceneLighting":true,"audioPlay":false,"sceneViewState":{"showFog":true,"showMaterialUpdate":false,"showSkybox":false,"showFlares":true,"showImageEffects":true,"showParticleSystems":true},"in2DMode":false,"pivot":{"x":-0.12886786460876466,"y":1.088468074798584,"z":0.10804058611392975},"rotation":{"x":0.07595241814851761,"y":-0.9149504899978638,"z":0.2047964632511139,"w":0.3393799066543579},"size":1.1784987449645997,"orthographic":false}