{"cameraMode":{"drawMode":0,"name":"Shaded","section":"Shading Mode"},"sceneLighting":true,"audioPlay":false,"sceneViewState":{"showFog":true,"showMaterialUpdate":false,"showSkybox":false,"showFlares":true,"showImageEffects":true,"showParticleSystems":true},"in2DMode":false,"pivot":{"x":-0.661623477935791,"y":1.2505534887313843,"z":-0.7230933308601379},"rotation":{"x":0.214866042137146,"y":-0.48969414830207827,"z":0.1259375810623169,"w":0.8355818390846252},"size":2.3926048278808595,"orthographic":false}